m/z,Retention Time,InChIKey First Block,Accession,Name,Mass,Theoretical m/z,PPM Error,Adduct,Source,Sample,MS/MS,Score
103.0545,4.1297,"UEXCJVNBTNXOEH
GUVXZFRDPCKWEM","CHEBI:167069
CHEBI:33074","Ethynylbenzene
pentalene","102.04695
102.04695","103.054226
103.054226","2.6587944098920153
2.6587944098920153","[M+H]+
[M+H]+","chebi
chebi","no information(urine/serum/CSF/saliva/feces/sweat
no information(urine/serum/CSF/saliva/feces/sweat","
","0.8341205590107984
0.8341205590107984"
109.1016,3.5073,"KEHFJHPSOFFXBO
SDRZFSPCVYEJTP
BBDKZWKEPDTENS","CHEBI:77361
HMDB0244016
HMDB0246592, CHEBI:82377","bicyclo[3.3.0]oct-2-ene
Vinylcyclohexene
4-Vinylcyclohexene","108.0939
108.0939004
108.0939004","109.10117600000001
109.1011764
109.1011764","3.8863009138903966
3.8826345781259004
3.8826345781259004","[M+H]+
[M+H]+
[M+H]+","chebi
hmdb
chebi, hmdb","no information(urine/serum/CSF/saliva/feces/sweat
no information(urine/serum/CSF/saliva/feces/sweat
serum","

","0.7113699086109603
0.7117365421874099
0.7117365421874099"
110.01,0.2267,UQYHHBYNPBMDEF,CHEBI:32670,iminodimethanethiol,109.00199,110.00926600000001,6.67216523373803,[M+H]+,chebi,no information(urine/serum/CSF/saliva/feces/sweat,,0.432783476626197
120.0451,1.9317,"CVNOWLNNPYYEOH
CWHFDTWZHFRTAB
FZKCAHQKNJXICB","CHEBI:38622
CHEBI:38903
CHEBI:51555","4-cyanophenol
phenyl cyanate
2,1-benzoxazole","119.03711
119.03711
119.03711","120.044386
120.044386
120.044386","5.947800007924584
5.947800007924584
5.947800007924584","[M+H]+
[M+H]+
[M+H]+","chebi
chebi
chebi","no information(urine/serum/CSF/saliva/feces/sweat
no information(urine/serum/CSF/saliva/feces/sweat
no information(urine/serum/CSF/saliva/feces/sweat","

","0.5052199992075416
0.5052199992075416
0.5052199992075416"
125.0968,4.5104,"DVVATNQISMINCX
JYOVNNBTWWYRGU
JLRXGFYYIORWGF","HMDB0031686, CHEBI:165523, LMFA06000034, LMFA06000132
HMDB0033238
CHEBI:187684, LMFA06000121","(E,E)-2,4-Octadienal
2-Isopropyl-5-methylfuran
2,4-Dimethyl-2E,4E-hexadienal","124.088815
124.088815
124.088815","125.096091
125.096091
125.096091","5.667643124040661
5.667643124040661
5.667643124040661","[M+H]+
[M+H]+
[M+H]+","chebi, hmdb, lm
hmdb
chebi, lm","no information(urine/serum/CSF/saliva/feces/sweat
no information(urine/serum/CSF/saliva/feces/sweat
no information(urine/serum/CSF/saliva/feces/sweat","

","0.5332356875959339
0.5332356875959339
0.5332356875959339"
127.0398,1.8419,"VYSRZETUSAOIMP
QNXPRMJHYUHYKW
NSYSSMYQPLSPOD","CHEBI:178061
CHEBI:76246
CHEBI:16458","2-furanacetic acid
2-methyl-5-methylenefuran-3,4-dione
triacetate lactone","126.03169
126.03169
126.03169","127.038966
127.038966
127.038966","6.564914893888218
6.564914893888218
6.564914893888218","[M+H]+
[M+H]+
[M+H]+","chebi
chebi
chebi","no information(urine/serum/CSF/saliva/feces/sweat
no information(urine/serum/CSF/saliva/feces/sweat
no information(urine/serum/CSF/saliva/feces/sweat","

","0.44350851061117824
0.44350851061117824
0.44350851061117824"
127.1126,3.5082,"ICPZCFJMCZRIPY
FMZDFRXBZBPNSU
AOXNCUPDNCMHRX","LMFA06000031
LMFA12000096, LMFA12000105
LMFA12000108","4-octenal
4S-methyl-1-hepten-3-one
4-Methyl-6-hepten-3-one","126.104465
126.104465
126.104465","127.11174100000001
127.11174100000001
127.11174100000001","6.757833644897393
6.757833644897393
6.757833644897393","[M+H]+
[M+H]+
[M+H]+","lm
lm
lm","no information(urine/serum/CSF/saliva/feces/sweat
no information(urine/serum/CSF/saliva/feces/sweat
no information(urine/serum/CSF/saliva/feces/sweat","

","0.4242166355102607
0.4242166355102607
0.4242166355102607"
130.0657,3.4341,"SMWDFEZZVXVKRB
BCNUXXXHEIUHJB
AWJUIBRHMBBTKR","HMDB0033731, CHEBI:17362
HMDB0011664, CHEBI:63905
HMDB0034244, CHEBI:16092","Quinoline
3-Methylene-indolenine
Isoquinoline","129.0578492
129.0578492
129.0578492","130.06512519999998
130.06512519999998
130.06512519999998","4.419324543191578
4.419324543191578
4.419324543191578","[M+H]+
[M+H]+
[M+H]+","chebi, hmdb
chebi, hmdb
chebi, hmdb","no information(urine/serum/CSF/saliva/feces/sweat
no information(urine/serum/CSF/saliva/feces/sweat
no information(urine/serum/CSF/saliva/feces/sweat","JP000486, JP001634, JP003494, JP007402, JP008861, JP010829, JP010830, KO003952, KO003953, KO003954, KO003955, KO003956, AU252601, AU252602, AU252603, AU252604, AU252606

JP001635, JP009036, KO003252, KO003253, KO003254, KO003255, KO003256","0.5580675456808422
0.6580675456808421
0.6580675456808421"
134.0281,2.8942,"DZLNHFMRPBPULJ
LQFRYKBDZNPJSW
ULSZVNJBVJWEJE","HMDB0062164, HMDB0258979, CHEBI:45171, CHEBI:64562, CHEBI:64564, CHEBI:133584
HMDB0250857
CHEBI:176896, CHEBI:177353","Thioproline
Dapansutrile
L-thiazolidine-2-carboxylic acid zwitterion","133.0197492
133.0197496
133.01975","134.0270252
134.0270256
134.02702599999998","8.019278189558907
8.016293692882995
8.013309196436955","[M+H]+
[M+H]+
[M+H]+","chebi, hmdb
hmdb
chebi","no information(urine/serum/CSF/saliva/feces/sweat
no information(urine/serum/CSF/saliva/feces/sweat
no information(urine/serum/CSF/saliva/feces/sweat","

","0.29807218104410926
0.29837063071170056
0.29866908035630446"
135.0563,2.2992,"KRKSOBREFNTJJY
YTXKTNLLFWCWCK
SWEICGMKXPNXNU","CHEBI:137404
HMDB0249039
HMDB0244883","5-hydroxybenzimidazole
Benzoyl hydrazone
1H-Indazol-3-ol","134.04801
134.0480128
134.0480128","135.055286
135.0552888
135.0552888","7.508036375546604
7.487303969939388
7.487303969939388","[M+H]+
[M+H]+
[M+H]+","chebi
hmdb
hmdb","no information(urine/serum/CSF/saliva/feces/sweat
no information(urine/serum/CSF/saliva/feces/sweat
no information(urine/serum/CSF/saliva/feces/sweat","

","0.3491963624453396
0.35126960300606114
0.35126960300606114"
144.1024,0.3349,"BPSLZWSRHTULGU
DRNGLYHKYPNTEA
GUYHPGUANSLONG","HMDB0242107
HMDB0246355
HMDB0250545, CHEBI:17237, CHEBI:11946","(R)-1-Methylpiperidine-2-carboxylic acid
trans-4-Aminocyclohexanecarboxylic acid
Crotonic acid betaine","143.0946287
143.0946287
143.0946287","144.10190469999998
144.10190469999998
144.10190469999998","3.4371509595418392
3.4371509595418392
3.4371509595418392","[M+H]+
[M+H]+
[M+H]+","hmdb
hmdb
chebi, hmdb","no information(urine/serum/CSF/saliva/feces/sweat
no information(urine/serum/CSF/saliva/feces/sweat
no information(urine/serum/CSF/saliva/feces/sweat","

","0.756284904045816
0.756284904045816
0.756284904045816"
144.1025,0.408,"WOXWUZCRWJWTRT
WXFIFTYQCGZRGR
OKPYIWASQZGASP","HMDB0243822, CHEBI:86534
HMDB0245163
HMDB0254991","1-Aminocyclohexanecarboxylic acid
2-Hydroxypropyl methacrylamide
N-(2-Hydroxypropyl)methacrylamide","143.0946287
143.0946287
143.0946287","144.10190469999998
144.10190469999998
144.10190469999998","4.131104312979503
4.131104312979503
4.131104312979503","[M+H]+
[M+H]+
[M+H]+","chebi, hmdb
hmdb
hmdb","no information(urine/serum/CSF/saliva/feces/sweat
no information(urine/serum/CSF/saliva/feces/sweat
no information(urine/serum/CSF/saliva/feces/sweat","

","0.6868895687020496
0.6868895687020496
0.6868895687020496"
146.0608,3.1942,"LISFMEBWQUVKPJ
OVYWMEWYEJLIER
GIIWGCBLYNDKBO","CHEBI:16365, CHEBI:18289
CHEBI:48994
CHEBI:181573","quinolin-2-ol
quinolin-6-ol
Quinoline 1-oxide","145.05276
145.05276
145.05276","146.060036
146.060036
146.060036","5.230725809240261
5.230725809240261
5.230725809240261","[M+H]+
[M+H]+
[M+H]+","chebi
chebi
chebi","no information(urine/serum/CSF/saliva/feces/sweat
no information(urine/serum/CSF/saliva/feces/sweat
no information(urine/serum/CSF/saliva/feces/sweat","KO003942, KO003943, KO003944, KO003945, KO003946, UA005201, AU249101, AU249102, AU249103, AU249104, AU249105, AU249106
JP000496, UA006901
AU250901, AU250902, AU250903, AU250904, AU250905, AU250906","0.4769274190759739
0.4769274190759739
0.4769274190759739"
147.0452,2.7662,"OTAFHZMPRISVEM
XNERWVPQCYSMLC
ADDZHRRCUWNSCS","HMDB0032938, CHEBI:72013
HMDB0002359, CHEBI:90355
HMDB0033183","Chromone
Phenylpropiolic acid
2-Benzofurancarboxaldehyde","146.0367794
146.0367794
146.0367794","147.0440554
147.0440554
147.0440554","7.784061701031492
7.784061701031492
7.784061701031492","[M+H]+
[M+H]+
[M+H]+","chebi, hmdb
chebi, hmdb
hmdb","no information(urine/serum/CSF/saliva/feces/sweat
no information(urine/serum/CSF/saliva/feces/sweat
no information(urine/serum/CSF/saliva/feces/sweat","

","0.3215938298968508
0.3215938298968508
0.3215938298968508"
153.0662,1.1458,"ZMZGIVVRBMFZSG
DSBIJCMXAIKKKI
XSXYESVZDBAKKT","HMDB0246451
CHEBI:66891
HMDB0245152","4-Hydroxybenzohydrazide
5-nitro-o-toluidine
2-Hydroxybenzohydrazide","152.0585775
152.05858
152.0585775","153.0658535
153.065856
153.0658535","2.263731538309716
2.2473986622631013
2.263731538309716","[M+H]+
[M+H]+
[M+H]+","hmdb
chebi
hmdb","no information(urine/serum/CSF/saliva/feces/sweat
no information(urine/serum/CSF/saliva/feces/sweat
no information(urine/serum/CSF/saliva/feces/sweat","
PR310800
","0.7736268461690284
0.7752601337736899
0.8736268461690284"
158.118,0.4737,"RWPYOAUYOSFJQV
JKNCOURZONDCGV
LLEOWWWENNCINW","HMDB0243931
HMDB0244940
HMDB0254560","1-Methyl-4-piperidyl acetate
2-(Dimethylamino)ethyl methacrylate
methyl 1-methylpiperidine-3-carboxylate","157.1102787
157.1102787
157.1102787","158.1175547
158.1175547
158.1175547","2.816259085465992
2.816259085465992
2.816259085465992","[M+H]+
[M+H]+
[M+H]+","hmdb
hmdb
hmdb","no information(urine/serum/CSF/saliva/feces/sweat
no information(urine/serum/CSF/saliva/feces/sweat
no information(urine/serum/CSF/saliva/feces/sweat","

","0.8183740914534008
0.8183740914534008
0.8183740914534008"
162.0556,2.8152,"BERPCVULMUPOER
FAFBOYSDWMRMLQ
HCUARRIEZVDMPT","HMDB0245908, CHEBI:167880
HMDB0031172, CHEBI:179267
HMDB0002285, CHEBI:169990","3-Hydroxyquinolin-2(1h)-One
3-Formyl-6-hydroxyindole
2-Indolecarboxylic acid","161.0476785
161.0476785
161.0476785","162.05495449999998
162.05495449999998
162.05495449999998","3.9832166934379556
3.9832166934379556
3.9832166934379556","[M+H]+
[M+H]+
[M+H]+","chebi, hmdb
chebi, hmdb
chebi, hmdb","serum
no information(urine/serum/CSF/saliva/feces/sweat
no information(urine/serum/CSF/saliva/feces/sweat","

","0.7016783306562044
0.7016783306562044
0.7016783306562044"
172.0976,2.9571,"VFFNZZXXTGXBOG
HQJXTLHTVWAWPO
VMWCRDCGNVMCGJ","HMDB0247190, CHEBI:29643, CHEBI:177513, CHEBI:179573, LMFA08030002
CHEBI:185736
CHEBI:3925","N-[(3s)-2-Oxotetrahydrofuran-3-Yl]butanamide
(3-Methylcrotonyl)glycine methyl ester
Crotanecine","171.0895433
171.08954
171.08954","172.0968193
172.096816
172.096816","4.5363999357022
4.555575275780291
4.555575275780291","[M+H]+
[M+H]+
[M+H]+","chebi, hmdb, lm
chebi
chebi","no information(urine/serum/CSF/saliva/feces/sweat
no information(urine/serum/CSF/saliva/feces/sweat
no information(urine/serum/CSF/saliva/feces/sweat","RP020101, RP020102, RP020103

","0.54636000642978
0.6444424724219708
0.6444424724219708"
172.0982,1.7918,"VFFNZZXXTGXBOG
UBRLOVCOJLAYPQ
HQJXTLHTVWAWPO","HMDB0247190, CHEBI:29643, CHEBI:177513, CHEBI:179573, LMFA08030002
CHEBI:189202
CHEBI:185736","N-[(3s)-2-Oxotetrahydrofuran-3-Yl]butanamide
Pestalotiopamide A
(3-Methylcrotonyl)glycine methyl ester","171.0895433
171.08954
171.08954","172.0968193
172.096816
172.096816","8.022809518586898
8.041984925517776
8.041984925517776","[M+H]+
[M+H]+
[M+H]+","chebi, hmdb, lm
chebi
chebi","no information(urine/serum/CSF/saliva/feces/sweat
no information(urine/serum/CSF/saliva/feces/sweat
no information(urine/serum/CSF/saliva/feces/sweat","RP020101, RP020102, RP020103

","0.19771904814131014
0.2958015074482224
0.2958015074482224"
174.1122,3.5658,"WXNXCEHXYPACJF
OJPSNARFDYTAEN
UPCKIPHSXMXJOX","HMDB0011756, CHEBI:17786, CHEBI:146296, CHEBI:166830
HMDB0000747, CHEBI:136818
HMDB0000701, CHEBI:64390","N-Acetylleucine
Isovalerylalanine
Hexanoylglycine","173.1051934
173.1051934
173.1051934","174.11246939999998
174.11246939999998
174.11246939999998","1.5472757402590378
1.5472757402590378
1.5472757402590378","[M+H]+
[M+H]+
[M+H]+","chebi, hmdb
chebi, hmdb
chebi, hmdb","no information(urine/serum/CSF/saliva/feces/sweat
no information(urine/serum/CSF/saliva/feces/sweat
no information(urine/serum/CSF/saliva/feces/sweat","GLS00028, KO000243, KO000244, KO000245, KO000246, KO000247, KO002338, KO002339, KO002340, KO002341, KO002342, OUF00372, PR309412, PR309413

","0.8452724259740962
0.9452724259740962
0.9452724259740962"
174.1246,1.0296,"GZEWDUYXKDCZJU
SILQDLDAWPQMEL
UYZFAUAYFLEHRC","HMDB0255161
HMDB0245671, CHEBI:6253
HMDB0246210","n-iminoethyl-l-ornithine
2,7-Diamino-7-iminoheptanoic acid
5-[(1-Iminoethyl)amino]-2-aminopentanoic acid","173.1164267
173.1164267
173.1164267","174.1237027
174.1237027
174.1237027","5.153232937718933
5.153232937718933
5.153232937718933","[M+H]+
[M+H]+
[M+H]+","hmdb
chebi, hmdb
hmdb","no information(urine/serum/CSF/saliva/feces/sweat
no information(urine/serum/CSF/saliva/feces/sweat
no information(urine/serum/CSF/saliva/feces/sweat","

","0.5846767062281067
0.5846767062281067
0.5846767062281067"
176.1194,2.9444,"RTGQKAIBLWKUEF
JWPGJSVJDAJRLW","CHEBI:125668
HMDB0006543, CHEBI:34665","3-(2-aminoethyl)-1H-indol-5-amine
Debrisoquine","175.11095
175.1109474","176.118226
176.11822339999998","6.665976751436359
6.680739660677202","[M+H]+
[M+H]+","chebi
chebi, hmdb","no information(urine/serum/CSF/saliva/feces/sweat
no information(urine/serum/CSF/saliva/feces/sweat","
WA002296, WA002297, WA002298, WA002299, WA002300, WA002301","0.4334023248563641
0.4715808401735523"
180.0664,2.6299,"QIAFMBKCNZACKA
QSACCXVHEVWNMX
HWDZIRSKXFAMFU","HMDB0000714, CHEBI:18089
CHEBI:36555
CHEBI:143077","Hippuric acid
N-acetylanthranilic acid
3-(4-aminophenyl)pyruvic acid","179.0582432
179.05824
179.05824","180.06551919999998
180.065516
180.065516","4.8915528298682505
4.909324226105613
4.909324226105613","[M+H]+
[M+H]+
[M+H]+","chebi, hmdb
chebi
chebi","no information(urine/serum/CSF/saliva/feces/sweat
no information(urine/serum/CSF/saliva/feces/sweat
no information(urine/serum/CSF/saliva/feces/sweat","JP002234, JP002235, JP003528, KO001091, KO001092, KO001093, KO001094, KO001095, MT000008, OUF00264, OUF00265, BML01204, BML81395, BML81396, BML81397, BML81398, RP013001, RP013002, RP013003, RP013011

","0.5108447170131749
0.6090675773894386
0.6090675773894386"
181.0621,2.2989,"QKOBGJNIHZDKRJ
ZBSGKPYXQINNGF
MNYZGNSHBPLAFN","CHEBI:52604
HMDB0003269, CHEBI:7563
HMDB0059766, CHEBI:89884","N'-formyl-2-hydroxybenzohydrazide
Nicotinuric acid
Picolinoylglycine","180.05349
180.0534921
180.0534921","181.060766
181.0607681
181.0607681","7.367692236460192
7.3560938350880765
7.3560938350880765","[M+H]+
[M+H]+
[M+H]+","chebi
chebi, hmdb
chebi, hmdb","no information(urine/serum/CSF/saliva/feces/sweat
no information(urine/serum/CSF/saliva/feces/sweat
no information(urine/serum/CSF/saliva/feces/sweat","

","0.3632307763539808
0.3643906164911923
0.3643906164911923"
182.1292,3.395,"ZNXAJGZPUQOEDZ
NQCPECCCWDWTJJ","HMDB0248794
CHEBI:38844","Azepexole
2-diethylamino-6-methylpyrimidin-4(1H)-one","181.1215121
181.12151","182.12878809999998
182.128786","2.2615864538185004
2.2731167823539646","[M+H]+
[M+H]+","hmdb
chebi","no information(urine/serum/CSF/saliva/feces/sweat
no information(urine/serum/CSF/saliva/feces/sweat","
","0.77384135461815
0.8726883217646035"
190.0504,2.4601,"HCZHHEIFKROPDY
JGRPKOGHYBAVMW
LPGDEHBASRKTDG","HMDB0000715, CHEBI:18344
CHEBI:93239
CHEBI:16050","Kynurenic acid
8-hydroxy-5-quinolinecarboxylic acid
N-acetylisatin","189.0425931
189.04259
189.04259","190.0498691
190.04986599999998
190.04986599999998","2.7934773252685763
2.8097888793882215
2.8097888793882215","[M+H]+
[M+H]+
[M+H]+","chebi, hmdb
chebi
chebi","no information(urine/serum/CSF/saliva/feces/sweat
no information(urine/serum/CSF/saliva/feces/sweat
no information(urine/serum/CSF/saliva/feces/sweat","FIO00643, FIO00644, FIO00645, FIO00646, FIO00647, FIO00648, FIO00649, FIO00650, FIO00651, FIO00652, GLS00094, OUF00292, PR100406, PR100864, BML00236, BML00243, BML00250, BML81545, BML81546, BML81547, BML81548, PR310744

","0.7206522674731424
0.8190211120611778
0.8190211120611778"
194.0817,2.9991,"PKCSYDDSNIJRIX
ICZVDXDXJQCDOJ
HSLDNQNDHKZKNZ","CHEBI:141362
CHEBI:64977
CHEBI:182551","N-methylhippuric acid
cichorine
3,4-Dihydro-7-hydroxy-6-methoxy-1(2H)-isoquinolinone","193.07389
193.07389
193.07389","194.081166
194.081166
194.081166","2.7514261740163994
2.7514261740163994
2.7514261740163994","[M+H]+
[M+H]+
[M+H]+","chebi
chebi
chebi","no information(urine/serum/CSF/saliva/feces/sweat
no information(urine/serum/CSF/saliva/feces/sweat
no information(urine/serum/CSF/saliva/feces/sweat","

","0.8248573825983601
0.8248573825983601
0.8248573825983601"
200.1291,4.1207,"QIQNNBXHAYSQRY
ZJFKKPDLNLCPNP
BGBNULCRKBVAKL","HMDB0006406, CHEBI:31529
CHEBI:181568, CHEBI:181934, LMFA08030025
CHEBI:95018","Ecgonine methyl ester
N-(2-Oxooxolan-3-yl)hexanamide
(2S)-2-(hydroxymethyl)-2-(methoxymethyl)-1-azabicyclo[2.2.2]octan-3-one","199.1208434
199.120844
199.12084","200.1281194
200.12812
200.12811599999998","4.899861163594322
4.896863069509805
4.916850364077526","[M+H]+
[M+H]+
[M+H]+","chebi, hmdb
chebi, lm
chebi","no information(urine/serum/CSF/saliva/feces/sweat
no information(urine/serum/CSF/saliva/feces/sweat
no information(urine/serum/CSF/saliva/feces/sweat","AU161801, AU161802, AU161803, AU161804, AU161805, EQ361901, EQ361902, EQ361903, EQ361904, EQ361905, EQ361906, EQ361907, EQ361908, EQ361909, WA000510, WA000511, WA000512, WA000513, WA000514, WA000515
RP020201, RP020202, RP020203
","0.5100138836405679
0.5103136930490195
0.6083149635922475"
206.0457,2.2539,"KOPSWXCGBMDQDZ
CQUUHDQRJWXDPY
DVEVPRIOUKVFAM","HMDB0246172, CHEBI:166578
HMDB0033528, CHEBI:2195
HMDB0032963, CHEBI:173574","3-Hydroxykynurenic acid
4,6-Dihydroxy-2-quinolinecarboxylic acid
Zeanic acid","205.0375077
205.0375077
205.0375077","206.04478369999998
206.04478369999998
206.04478369999998","4.447091469991501
4.447091469991501
4.447091469991501","[M+H]+
[M+H]+
[M+H]+","chebi, hmdb
chebi, hmdb
chebi, hmdb","no information(urine/serum/CSF/saliva/feces/sweat
no information(urine/serum/CSF/saliva/feces/sweat
no information(urine/serum/CSF/saliva/feces/sweat","

","0.6552908530008499
0.6552908530008499
0.6552908530008499"
216.124,3.3536,"AVUYXHYHTTVPRX
CRCIHGGZGGATGM
WIJZSYSJSHFAQF","CHEBI:82556
CHEBI:177976
HMDB0094738","Tris(2-methyl-1-aziridinyl)phosphine oxide
N-(3-hydroxy-pentanoyl)-homoserine lactone
2-hydroxyoct-1-enoylglycine","215.11875
215.11576
215.115758","216.126026
216.12303599999998
216.123034","9.374160241121304
4.460422256933319
4.46967628635711","[M+H]+
[M+H]+
[M+H]+","chebi
chebi
hmdb","no information(urine/serum/CSF/saliva/feces/sweat
no information(urine/serum/CSF/saliva/feces/sweat
no information(urine/serum/CSF/saliva/feces/sweat","
RP021401, RP021402, RP021403, RP021411, RP021412, RP021413
","0.16258397588786958
0.553957774306668
0.6530323713642889"
220.0645,3.9581,"CCCNUHFRBBIFHO
KTXJVMGVBKRPAP","HMDB0242184, CHEBI:133430
CHEBI:143824","N-Acetylalliin
N-acetyl-S-(1Z)-propenyl-cysteine-sulfoxide","219.0565291
219.05653","220.0638051
220.063806","3.157720551535517
3.1536308156460966","[M+H]+
[M+H]+","chebi, hmdb
chebi","no information(urine/serum/CSF/saliva/feces/sweat
no information(urine/serum/CSF/saliva/feces/sweat","
","0.7842279448464483
0.7846369184353903"
220.1187,1.9713,"UZKQTCBAMSWPJD
UZNXSBPBWFLVDK
GHOKWGTUZJEAQD","HMDB0012204, CHEBI:16522, CHEBI:46570, CHEBI:15333
HMDB0242329
HMDB0000210, HMDB0250782, CHEBI:46905, CHEBI:7916","Zeatin
(1R,3S)-3-(6-Aminopurin-9-yl)cyclopentan-1-ol
Pantothenic acid","219.1120101
219.1120101
219.1106727","220.11928609999998
220.11928609999998
220.1179487","2.6626471963307186
2.6626471963307186
3.4131700955213895","[M+H]+
[M+H]+
[M+H]+","chebi, hmdb
hmdb
chebi, hmdb","no information(urine/serum/CSF/saliva/feces/sweat
no information(urine/serum/CSF/saliva/feces/sweat
no information(urine/serum/CSF/saliva/feces/sweat","KO002018, KO002019, KO002020, KO002021, KO002022, KO004276, KO004277, KO004278, KO004279, KO004280, KO009317, KO009318, KO009319, KO009320, ML005601, CE000235, CE000307, CE000580, PR020086, PR020087, PR020088, PR020089, PR020090, PR020091, PR100323, PR100759, BML00864, BML00873, BML00882, BML00890, BML00895, BML00900, BML82270, BML82271, BML82272, BML82273, NA000868, NA000869, NA000870, NA000871, NA000872, NA000993, NA000994, NA000995, NA000996, NA000997, NA001122, NA001123, NA001124, NA001125, NA001126, NA001244, NA001245, NA001246, NA001247, NA001248, NA001374, NA001375, NA001376, NA001377, NA001378, NA001499, NA001500, NA001501, NA001502, NA001503, NA001754, NA001755, NA001756, NA001757, NA001758, NA001881, NA001882, NA001883, NA001884, NA001885, NA001999, NA002000, NA002001, NA002002, NA002003, NA002110, NA002111, NA002112, NA002113, NA002114

KZ000066, KO001605, KO001606, KO001607, KO001608, KO001609, KO003695, KO003696, KO003697, KO003698, KO003699, KO009182, KO009183, KO009184, KO009185, KO009186, MT000131, OUF00414, PR010017, PR010018, PR100040, PR100041, PR100295, PR100400, PR100728, PR100858, RP012301, RP012302, RP012303, PR309343, PR310801, LU087001, LU087002, LU087003, LU087004, LU087005, LU087006, LU087051, LU087052, LU087053, LU087054, LU087055, LU087056","0.7337352803669281
0.8337352803669281
0.8453350683527976"
226.1447,3.3728,"XWTYSIMOBUGWOL
OTXANOLOOUNVSR
PHSMOUBHYUFTDM","HMDB0015009, CHEBI:9449
CHEBI:7319
CHEBI:73085","Terbutaline
N-Methylmescaline
colterol","225.1364935
225.13649
225.13649","226.1437695
226.143766
226.143766","4.114639116819512
4.130116060775597
4.130116060775597","[M+H]+
[M+H]+
[M+H]+","chebi, hmdb
chebi
chebi","no information(urine/serum/CSF/saliva/feces/sweat
no information(urine/serum/CSF/saliva/feces/sweat
no information(urine/serum/CSF/saliva/feces/sweat","AU110101, AU110102, AU110103, KO004241, KO004242, KO004243, KO004244, KO004245, KO009267, KO009268, KO009269, KO009270, KO009271, CO000446, CO000447, CO000448, CO000449, CO000450, WA002662, WA002663, WA002664, WA002665, WA002666

","0.5885360883180488
0.6869883939224403
0.6869883939224403"
226.1448,3.518,"XWTYSIMOBUGWOL
PHSMOUBHYUFTDM
OTXANOLOOUNVSR","HMDB0015009, CHEBI:9449
CHEBI:73085
CHEBI:7319","Terbutaline
colterol
N-Methylmescaline","225.1364935
225.13649
225.13649","226.1437695
226.143766
226.143766","4.556835690372778
4.5723126411726875
4.5723126411726875","[M+H]+
[M+H]+
[M+H]+","chebi, hmdb
chebi
chebi","no information(urine/serum/CSF/saliva/feces/sweat
no information(urine/serum/CSF/saliva/feces/sweat
no information(urine/serum/CSF/saliva/feces/sweat","AU110101, AU110102, AU110103, KO004241, KO004242, KO004243, KO004244, KO004245, KO009267, KO009268, KO009269, KO009270, KO009271, CO000446, CO000447, CO000448, CO000449, CO000450, WA002662, WA002663, WA002664, WA002665, WA002666

","0.5443164309627222
0.6427687358827312
0.6427687358827312"
226.1448,3.7161,"XWTYSIMOBUGWOL
OTXANOLOOUNVSR
PHSMOUBHYUFTDM","HMDB0015009, CHEBI:9449
CHEBI:7319
CHEBI:73085","Terbutaline
N-Methylmescaline
colterol","225.1364935
225.13649
225.13649","226.1437695
226.143766
226.143766","4.556835690372778
4.5723126411726875
4.5723126411726875","[M+H]+
[M+H]+
[M+H]+","chebi, hmdb
chebi
chebi","no information(urine/serum/CSF/saliva/feces/sweat
no information(urine/serum/CSF/saliva/feces/sweat
no information(urine/serum/CSF/saliva/feces/sweat","AU110101, AU110102, AU110103, KO004241, KO004242, KO004243, KO004244, KO004245, KO009267, KO009268, KO009269, KO009270, KO009271, CO000446, CO000447, CO000448, CO000449, CO000450, WA002662, WA002663, WA002664, WA002665, WA002666

","0.5443164309627222
0.6427687358827312
0.6427687358827312"
230.1395,3.7018,"CJETZUCGLDWPGF
HQDBMDGXEZLSNK
FKLSJDGSSFEPLD","HMDB0241650
HMDB0013126, CHEBI:84898, CHEBI:88785, LMFA07070053
HMDB0249460","3-Butenylcarnitine
Butenylcarnitine
butenoylcarnitine","229.1314081
229.1314081
229.1314081","230.13868409999998
230.13868409999998
230.13868409999998","3.5452536074552086
3.5452536074552086
3.5452536074552086","[M+H]+
[M+H]+
[M+H]+","hmdb
chebi, hmdb, lm
hmdb","no information(urine/serum/CSF/saliva/feces/sweat
no information(urine/serum/CSF/saliva/feces/sweat
no information(urine/serum/CSF/saliva/feces/sweat","

","0.7454746392544791
0.7454746392544791
0.7454746392544791"
233.093,3.4265,"BHAQEKYGTIQOGF
HYNFGUHAYZBBCE
JXBRZSRQCRXUML","CHEBI:121374
CHEBI:105588
CHEBI:117219","8-methyl-4-oxo-3-pyrido[1,2-a]pyrimidinecarboxylic acid ethyl ester
N-(1,3-dioxo-5-isoindolyl)butanamide
2-methyl-N-[(5-methyl-2-furanyl)methylideneamino]-3-furancarboxamide","232.08479
232.08479
232.08479","233.092066
233.092066
233.092066","4.007000392715549
4.007000392715549
4.007000392715549","[M+H]+
[M+H]+
[M+H]+","chebi
chebi
chebi","no information(urine/serum/CSF/saliva/feces/sweat
no information(urine/serum/CSF/saliva/feces/sweat
no information(urine/serum/CSF/saliva/feces/sweat","JP004490

","0.6992999607284451
0.6992999607284451
0.6992999607284451"
240.1609,3.7951,"NDAUXUAQIAJITI
LVZCTOQMFLAKLI
VNARLHBYSZUQEN","HMDB0001937, CHEBI:2549, CHEBI:8746
CHEBI:6627
HMDB0033454, CHEBI:173730","Salbutamol
Macrophylline
3alpha-Tigloyloxytropane N-oxide","239.1521435
239.15214
239.1521435","240.15941949999998
240.159416
240.15941949999998","6.16465514072315
6.179228883555105
6.16465514072315","[M+H]+
[M+H]+
[M+H]+","chebi, hmdb
chebi
chebi, hmdb","no information(urine/serum/CSF/saliva/feces/sweat
no information(urine/serum/CSF/saliva/feces/sweat
no information(urine/serum/CSF/saliva/feces/sweat","AU110001, AU110002, EA285101, EA285102, EA285103, EA285104, EA285105, EA285106, EA285107, EA285108, EA285109, EA285110, EA285111, EA285112, EA285113, EA285114, EA285151, EA285152, EA285153, EA285154, EA285155, EA285156, EA285158, EA285159, EA285160, EA285161, EA285162, EA285164, CO000031, CO000032, CO000033, CO000034, CO000035, WA000681, WA000682, WA000683, WA000684, WA000685

","0.383534485927685
0.4820771116444895
0.483534485927685"
255.0627,4.7981,"HUQKUJNSVHEHIH
ZQSIJRDFPHDXIC
RTIXKCRFFJGDFG","LMPK12100031
HMDB0003312, CHEBI:28197, LMPK12050038
HMDB0036619, CHEBI:75095, LMPK12110189","Serratin
Daidzein
5,7-Dihydroxyflavone","254.05791
254.0579088
254.0579088","255.06518599999998
255.0651848
255.0651848","9.74652808939684
9.741823455596235
9.741823455596235","[M+H]+
[M+H]+
[M+H]+","lm
chebi, hmdb, lm
chebi, hmdb, lm","no information(urine/serum/CSF/saliva/feces/sweat
no information(urine/serum/CSF/saliva/feces/sweat
no information(urine/serum/CSF/saliva/feces/sweat","NA002601, NA002602, NA002603, NA002604, NA002605, NA002989, NA002990, NA002991, NA002992, NA002993, NA003364, NA003365, NA003366, NA003367, NA003368, NA003734, NA003735, NA003736, NA003737, NA003738
PB000821, PB000841, PB000842, PB000861, PB002425, PB002426, PB002427, PB002428, OUF00155, FFF00070, FFF00071, FFF00072, FFF00073, FFF00074, FFF00075, FFF00076, PR020020, PR040007, PR040008, PR040009, PR040010, PR100225, PR100637, PR100638, UF416301, UF416302, UF416303, UF416304, UF416351, UF416352, UF416353, UF416354, SM882802, SM882851, UF423901, UF423902, UF423903, UF423904, UF423951, UF423952, UF423953, UF423954, RP018101, RP018102, RP018103, RP018111, RP018112, RP018113, NA000031, NA000032, NA000033, NA000034, NA000035, AU287401, AU287402, AU287403, AU287404, AU287405, AU287406, PR309180, PR309181, PR310855, NA002496, NA002497, NA002498, NA002499, NA002500, NA002889, NA002890, NA002891, NA002892, NA002893, NA003264, NA003265, NA003266, NA003267, NA003268, NA003634, NA003635, NA003636, NA003637, NA003638, LU093701, LU093702, LU093703, LU093704, LU093705, LU093706, LU093751, LU093752, LU093753, LU093754, LU093755, LU093756
FIO00023, FIO00024, FIO00025, FIO00026, FIO00027, FIO00028, FIO00029, FIO00030, FIO00031, FIO00032, BML01054, BML01057, BML01060, BML01063, BML01066, BML01069, BML80935, BML80936, BML80937, BML80938, PR309436, LU080401, LU080402, LU080403, LU080404, LU080405, LU080406, LU080451, LU080452, LU080453, LU080454, LU080455, LU080456","0.02534719106031602
0.025817654440376536
0.025817654440376536"
255.0661,4.3046,"JRWLTKVLNIYLIT
WGXUDTHMEITUBO
LCAWNFIFMLXZPQ","CHEBI:112841
HMDB0004195, CHEBI:27694, CHEBI:140298
HMDB0247290, CHEBI:29503, LMPK12110035","7-chloro-5-(4-morpholinyl)-2,1,3-benzoxadiazol-4-amine
5-L-Glutamyl-taurine
7,4'-Dihydroxyflavone","254.05705
254.0572569
254.0579088","255.064326
255.0645329
255.0651848","6.9551082577173515
6.143935349220824
3.588102393222243","[M+H]+
[M+H]+
[M+H]+","chebi
chebi, hmdb
chebi, hmdb, lm","no information(urine/serum/CSF/saliva/feces/sweat
no information(urine/serum/CSF/saliva/feces/sweat
no information(urine/serum/CSF/saliva/feces/sweat","

PN000118, PN000119, PR310941","0.4044891742282648
0.4856064650779176
0.6411897606777757"
259.0972,4.9276,"HGNZPAIPVKRUKE
ZNMRQYJUVCXNGK
YOSDNAMJVOLJKI","HMDB0040679, CHEBI:174379
HMDB0034255, CHEBI:174378
HMDB0041710, CHEBI:174382","(2S,3R,4R)-3,4,4'-Trihydroxyflavan
5-Methoxyseselin
cis-4-Hydroxyequol","258.0892089
258.0892089
258.0892089","259.0964849
259.0964849
259.0964849","2.759975691123046
2.759975691123046
2.759975691123046","[M+H]+
[M+H]+
[M+H]+","chebi, hmdb
chebi, hmdb
chebi, hmdb","no information(urine/serum/CSF/saliva/feces/sweat
no information(urine/serum/CSF/saliva/feces/sweat
no information(urine/serum/CSF/saliva/feces/sweat","

","0.8240024308876953
0.8240024308876953
0.8240024308876953"
267.1344,1.2089,"BUSKOHHHQUMTIT
IQHUITKNHOKGFC
MINYPECWDZURGR","CHEBI:188762
HMDB0029068, CHEBI:74862
HMDB0303920","2-[2-(4-Chlorophenyl)ethyl]-4,4,5,5-tetramethyl-1,3,2-dioxaborolane
Threonylphenylalanine
Musk tibetene","266.12449
266.1266571
266.1266571","267.13176599999997
267.1339331
267.1339331","9.860302424898853
1.7478123974397048
1.7478123974397048","[M+H]+
[M+H]+
[M+H]+","chebi
chebi, hmdb
hmdb","no information(urine/serum/CSF/saliva/feces/sweat
no information(urine/serum/CSF/saliva/feces/sweat
no information(urine/serum/CSF/saliva/feces/sweat","
MT000062
","0.11396975751011476
0.9252187602560294
0.9252187602560294"
270.1704,4.5937,"ULFRLSNUDGIQQP
PJJUHTJTUHEASX
SREKFVYWFHWCJD","HMDB0015088, CHEBI:48273
CHEBI:109518
CHEBI:117193","Rizatriptan
3-(1-azepanyl)-3-imino-2-(phenylhydrazinylidene)propanenitrile
N-[2-(1-cyclohexenyl)ethyl]-1-phenyl-5-tetrazolamine","269.1640456
269.16405
269.16405","270.1713216
270.17132599999997
270.17132599999997","3.411168863403529
3.4274547699138695
3.4274547699138695","[M+H]+
[M+H]+
[M+H]+","chebi, hmdb
chebi
chebi","no information(urine/serum/CSF/saliva/feces/sweat
no information(urine/serum/CSF/saliva/feces/sweat
no information(urine/serum/CSF/saliva/feces/sweat","

","0.6588831136596471
0.7572545230086131
0.7572545230086131"
297.1455,2.0318,"XVMYBILMFHGCPE
IUXSMTAUSQVXSU","CHEBI:125273
CHEBI:117197","8-[2-[[5-(hydroxymethyl)-2-furanyl]methylidene]hydrazinyl]-8-oxooctanoic acid
N'-[1-(3,4-dimethylphenyl)-4-pyrazolo[3,4-d]pyrimidinyl]acetohydrazide","296.13722
296.13856","297.144496
297.145836","3.378827518390573
1.1307578947446177","[M+H]+
[M+H]+","chebi
chebi","no information(urine/serum/CSF/saliva/feces/sweat
no information(urine/serum/CSF/saliva/feces/sweat","
","0.7621172481609427
0.9869242105255382"
335.0232,4.3072,"YZSQKACOUOYKMQ
FHKZHOZHULTQJI
MXJRBSHPGJZFBQ","CHEBI:115562
CHEBI:90537
CHEBI:107050","1-(4-bromophenyl)-3-(2-phenylethyl)thiourea
ICPD-26
5-[(2-chlorophenoxy)methyl]-N-(2-thiazolyl)-2-furancarboxamide","334.01393
334.01789
334.01789","335.021206
335.025166
335.025166","5.951862044123424
5.8682158821422625
5.8682158821422625","[M+H]+
[M+H]+
[M+H]+","chebi
chebi
chebi","no information(urine/serum/CSF/saliva/feces/sweat
no information(urine/serum/CSF/saliva/feces/sweat
no information(urine/serum/CSF/saliva/feces/sweat","

","0.5048137955876576
0.5131784117857737
0.5131784117857737"
340.1026,3.1256,"UCOYFSCEIWQYNL
RMHHNLKYPOOKQN
HJGUQJJJXQGXGJ","CHEBI:163002
CHEBI:160636
CHEBI:161569","Ser-Cys-Met
Met-Cys-Ser
Cys-Met-Ser","339.09226
339.09226
339.09226","340.099536
340.099536
340.099536","9.009127257365174
9.009127257365174
9.009127257365174","[M+H]+
[M+H]+
[M+H]+","chebi
chebi
chebi","no information(urine/serum/CSF/saliva/feces/sweat
no information(urine/serum/CSF/saliva/feces/sweat
no information(urine/serum/CSF/saliva/feces/sweat","

","0.19908727426348263
0.19908727426348263
0.19908727426348263"
377.1466,3.1364,"BDIBVTWWRGIXQA
ZRONGYGNCHSBHS
UCMMLUOVWVNVDJ","CHEBI:116404
CHEBI:114876
CHEBI:109110","1-[2,5-dimethyl-1-(4-methylphenyl)-3-pyrrolyl]-2-([1,2,4]triazolo[4,3-a]pyridin-3-ylthio)ethanone
2-(4-hydroxy-3-methoxyphenyl)-3-(2-methoxyphenyl)-1,2-dihydroquinazolin-4-one
2-[2-[bis(4-methoxyphenyl)methylidene]hydrazinyl]benzoic acid","376.13578
376.14231
376.14231","377.143056
377.149586
377.149586","9.396964742144629
7.917282984956662
7.917282984956662","[M+H]+
[M+H]+
[M+H]+","chebi
chebi
chebi","no information(urine/serum/CSF/saliva/feces/sweat
no information(urine/serum/CSF/saliva/feces/sweat
no information(urine/serum/CSF/saliva/feces/sweat","

","0.1603035257855371
0.3082717015043338
0.3082717015043338"
401.1371,3.56,"SDNGSRUNPKYHRP
GIIGHMRSPFEORX
NBHWNHCXSQNAKB","CHEBI:113160
CHEBI:187631, LMPK12140049
CHEBI:51406","2-[[3-(4-methoxyphenyl)-7-triazolo[4,5-d]pyrimidinyl]thio]-N-(2-oxolanylmethyl)acetamide
Lophirone J
calix[5]furan","400.13176
400.131075
400.13107","401.139036
401.138351
401.138346","4.826256799402101
3.1186247759809933
3.1061602872475915","[M+H]+
[M+H]+
[M+H]+","chebi
chebi, lm
chebi","no information(urine/serum/CSF/saliva/feces/sweat
no information(urine/serum/CSF/saliva/feces/sweat
no information(urine/serum/CSF/saliva/feces/sweat","

","0.6173743200597899
0.7881375224019006
0.7893839712752408"
431.0972,3.3392,"GRVOHZQLIZJKLW
VMCAOQCUJYBTFG
JSKGNHCHUPJTOQ","CHEBI:105455
CHEBI:51595
HMDB0033587, CHEBI:179452, CHEBI:182658, LMPK12090005","5-(1,3-benzodioxol-5-yl)-N-(2-furanylmethyl)-7-(trifluoromethyl)-2-pyrazolo[1,5-a]pyrimidinecarboxamide
chloro(subphthalocyaninato)boron
Coumestrin","430.08889
430.0905
430.0899968","431.096166
431.097776
431.0972728","2.3985367571192877
1.3361238032080887
0.16887140000969314","[M+H]+
[M+H]+
[M+H]+","chebi
chebi
chebi, hmdb, lm","no information(urine/serum/CSF/saliva/feces/sweat
no information(urine/serum/CSF/saliva/feces/sweat
no information(urine/serum/CSF/saliva/feces/sweat","

PR309351, PR311076","0.8601463242880713
0.9663876196791911
0.9831128599990306"
447.0908,3.9671,"IKIIZLYTISPENI
ZUWLOUKBEQEHEC
OJLSRRUAFRVUSN","HMDB0041832, CHEBI:2981, CHEBI:182307, LMPK12111081
CHEBI:187956, LMPK12110117
LMPK12111083","Baicalin
5,7,2'-Trihydroxyflavone 7-glucuronide
Baicalein 6-glucuronide","446.0849114
446.084915
446.084915","447.0921874
447.092191
447.092191","3.1031631486717104
3.111215154308867
3.111215154308867","[M+H]+
[M+H]+
[M+H]+","chebi, hmdb, lm
chebi, lm
lm","no information(urine/serum/CSF/saliva/feces/sweat
no information(urine/serum/CSF/saliva/feces/sweat
no information(urine/serum/CSF/saliva/feces/sweat","PR020033, PR040073, PR040074, PR040075, PR040076, PR040077, PR040078, PR040079, PR040080, PR100237, PR100652, TY000025, TY000034, TY000116, TY000178, PR310945

","0.689683685132829
0.7888784845691132
0.7888784845691132"
76.0393,2.9991,"DHMQDGOQFOQNFH
CPZLOQHKKRZRSD
UFEJKYYYVXYMMS","HMDB0000123, CHEBI:15428, CHEBI:57305, CHEBI:132194
CHEBI:77894
HMDB0254626, CHEBI:45379","Glycine
aci-nitroethane
Methylcarbamic acid","75.03202841
75.03203
75.03202841","76.03930441
76.03930600000001
76.03930441","0.057996322253682765
0.07890655936908689
0.057996322253682765","[M+H]+
[M+H]+
[M+H]+","chebi, hmdb
chebi
chebi, hmdb","serum
no information(urine/serum/CSF/saliva/feces/sweat
no information(urine/serum/CSF/saliva/feces/sweat","JP007408, GLS00042, GLS00044, KZ000211, KO000829, KO000830, KO000831, KO002934, KO002935, KO002936, KO002937, KO002938, OUF00256, OUF01001, PR010014, PR030008, RP000101, RP000111, RP000112

","0.9942003677746317
1.0921093440630913
1.0942003677746317"
76.0396,3.4083,"DHMQDGOQFOQNFH
UFEJKYYYVXYMMS
TZGPACAKMCUCKX","HMDB0000123, CHEBI:15428, CHEBI:57305, CHEBI:132194
HMDB0254626, CHEBI:45379
HMDB0245149, CHEBI:30321","Glycine
Methylcarbamic acid
2-Hydroxyacetamide","75.03202841
75.03202841
75.03202841","76.03930441
76.03930441
76.03930441","3.887331719914662
3.887331719914662
3.887331719914662","[M+H]+
[M+H]+
[M+H]+","chebi, hmdb
chebi, hmdb
chebi, hmdb","serum
no information(urine/serum/CSF/saliva/feces/sweat
no information(urine/serum/CSF/saliva/feces/sweat","JP007408, GLS00042, GLS00044, KZ000211, KO000829, KO000830, KO000831, KO002934, KO002935, KO002936, KO002937, KO002938, OUF00256, OUF01001, PR010014, PR030008, RP000101, RP000111, RP000112

","0.6112668280085338
0.7112668280085338
0.7112668280085338"
77.0389,2.6184,"KLYCPFXDDDMZNQ
AIESRBVWAFETPR","CHEBI:33668
HMDB0248980","1,2-didehydrobenzene
Cyclohexa-1,2,4,5-tetraene","76.0313
76.03130013","77.038576
77.03857613000001","4.205685214015344
4.203997740584234","[M+H]+
[M+H]+","chebi
hmdb","no information(urine/serum/CSF/saliva/feces/sweat
feces","
","0.6794314785984655
0.6796002259415765"
90.055,0.3241,"QNAYBMKLOCPYGJ
UXPVGJOKPUABJV
SXQFCVDSOLSHOQ","HMDB0000161, HMDB0001310, HMDB0062251, CHEBI:15570, CHEBI:16449, CHEBI:16977, CHEBI:57416, CHEBI:57972, CHEBI:66916, CHEBI:76050, CHEBI:132498, CHEBI:143534
HMDB0247847
HMDB0253942, CHEBI:75144, CHEBI:182630","L-Alanine
(2S)-2-Amino-3-hydroxypropanal
Lactamide","89.04767847
89.04767847
89.04767847","90.05495447
90.05495447
90.05495447","0.5055801790845991
0.5055801790845991
0.5055801790845991","[M+H]+
[M+H]+
[M+H]+","chebi, hmdb
hmdb
chebi, hmdb","no information(urine/serum/CSF/saliva/feces/sweat
no information(urine/serum/CSF/saliva/feces/sweat
no information(urine/serum/CSF/saliva/feces/sweat","JP007409, JP010310, GLS00023, GLS00026, PB000387, KZ000221, KO000019, KO000020, KO000021, KO000022, KO000023, KO002048, KO002049, KO002050, KO002051, KO002052, KO002053, KO002054, KO002055, KO002056, KO002057, OUF00104, OUF01000, PR010056, PR030001, RP000201, RP000202, RP000211

","0.9494419820915401
1.0494419820915402
1.0494419820915402"
91.0542,3.0004,AMSMVCOBCOZLEE,CHEBI:189198,"1,3,5-Norcaratriene",90.04695,91.054226,0.2855441328490408,[M+H]+,chebi,no information(urine/serum/CSF/saliva/feces/sweat,,1.071445586715096
99.0807,3.5617,"QHDHNVFIKWGRJR
FRDPVMYBYHTZNL
IQGZCSXWIRBTRW","CHEBI:143540
CHEBI:111510
CHEBI:141556","1-cyclohexenol
3-methylcyclopent-1-en-1-ol
(2E)-2-ethyl-2-butenal","98.07316
98.07316
98.07316","99.080436
99.080436
99.080436","2.6645017991963957
2.6645017991963957
2.6645017991963957","[M+H]+
[M+H]+
[M+H]+","chebi
chebi
chebi","no information(urine/serum/CSF/saliva/feces/sweat
no information(urine/serum/CSF/saliva/feces/sweat
no information(urine/serum/CSF/saliva/feces/sweat","

","0.8335498200803604
0.8335498200803604
0.8335498200803604"
